job_title,company,job_location,post_date,extract_date,job_description,job_salary
Data Science Engineer,HCL Technologies,"Burlingame, CA",EmployerActive 3 days ago,2022-04-25,"Operations data analyst with operational data analysis: 2 years (Preferred).
Understand data structures and data flows for various tools supported by Sales…",
Data Scientist,Engtal,"San Francisco Bay Area, CA",7 days ago,2022-04-25,The ideal candidate has experience in the life sciences/pharmaceutical/biotechnology industry or has applied data science methods in academia.,
Data Analyst,Netomi,"San Francisco, CA",12 days ago,2022-04-25,"Ensure data cleanliness, aligning data sets to stakeholder objectives for reporting & analysis.
Integrate multiple 1st and 3rd party APIs & data sources into…",
Data Scientist (Entry-Level),GreatSchools,"Remote in Oakland, CA 94612",4 days ago,2022-04-25,"Pluses: Experience working with K-12 education data, predictive analytics, or data science tools.
Build data visualizations to help colleagues and other…",
Director - Data Science,Twitch,"San Francisco, CA",Today,2022-04-25,Evidence you've set data science team vision and roadmap and influence long term change in how a company makes decisions using data.,
Data Analyst,BitTorrent,"San Francisco, CA 94108 (Financial District/South Beach area)",EmployerActive 5 days ago,2022-04-25,"Knowledge of statistics and data science concepts.
Strong communication skills and comfortable presenting data clearly to audience of all levels.",
Data Associate,OpenResearch,"Temporarily Remote in San Francisco, CA 94110",4 days ago,2022-04-25,"Coordinate and organize multiple data streams and ensure adherence to data quality and privacy protocols.
Create data dashboards and visualizations to summarize…",
"Training and Placement in Data science/Data Engineering, Jav...","TechIntelli Solutions, Inc.","San Francisco, CA 94117 (Haight-Ashbury area)",EmployerActive 4 days ago,2022-04-25,"Big data Developer and all technology's related to IT.
This is regarding well trained in advance then we would help you with projects directly in your area of.",
Data Scientist,CyberCoders,"San Francisco, CA 94107 (South Of Market area)",Just posted,2022-04-25,"Writing algorithms and processing data in Python.
As the Data Scientist you will be developing algorithms and work with the engineering team to be able to…",
Data Analyst,Photomath,"San Mateo, CA",30+ days ago,2022-04-25,"Experience with data science methodologies (regression, tree and forest, neural networks).
Consult on data-related projects.",
Data Scientist,Warman O'Brien,"Temporarily Remote in San Francisco, CA",30+ days ago,2022-04-25,"Experience working with single cell or T-cell data sets.
You will use your knowledge of *omics data analysis to be a key member in developing novel analytical…",
Data Scientist,"Grammarly, Inc.","Remote in San Francisco, CA 94104+1 location",10 days ago,2022-04-25,"To ensure that teams are able to overlap in their working hours and to meet face-to-face when needed, all team members need to live within three time zones of…",
Director - Data Science,"Twitch Interactive, Inc.","San Francisco, CA",4 days ago,2022-04-25,Evidence you've set data science team vision and roadmap and influence long term change in how a company makes decisions using data.,
Research Data Analyst,University of California San Francisco,"San Francisco, CA 94143 (Inner Sunset area)",7 days ago,2022-04-25,"The Research Data Analyst works on research data reporting assignments that are of moderate diversity in scope.
One or more years of related work experience.",
Data Analyst,Beshton Software,"San Francisco Bay Area, CA",30+ days ago,2022-04-25,"Identify trends in financial data and risk factors for businesses, process large amounts of collected data and make use of increased data points to increase…",
Data Scientist,"Grammarly, Inc.","Remote in San Francisco, CA 94104+1 location",10 days ago,2022-04-25,"Is a data-informed decision-maker who experiments with new ways to help our customers learn our products faster; asks questions, captures metrics, and uses the…",
Data Analyst,BitTorrent,"San Francisco, CA 94108 (Financial District/South Beach area)",EmployerActive 5 days ago,2022-04-25,"Knowledge of statistics and data science concepts.
Strong communication skills and comfortable presenting data clearly to audience of all levels.",
Data Scientist,University of California San Francisco,"Remote in San Francisco, CA 94143+3 locations",5 days ago,2022-04-25,"Involves compiling, analyzing, and interpreting a wide variety of clinical research data.
Prepares presentations and publications to interpret and communicate…",
Data Scientist,Embark Trucks,"Remote in San Francisco, CA 94107+2 locations",10 days ago,2022-04-25,"Data science and data analysis experience.
As a data scientist on the Product team, you will be expected to leverage your skills in computer science, statistics…",
Data scientist,Avila Trading,"San Francisco, CA",30+ days ago,2022-04-25,"(Ability to write functions, clean and efficient data manipulation are mandatory for this role).
Conceptual understanding in Machine Learning models like Nai¨ve…",
Data Analyst,Cognizant,"San Francisco, CA 94111 (Financial District/South Beach area)",6 days ago,2022-04-25,"Good understanding of RDBMS, BigData concepts and unstructured data, and exposure to multiple data platforms to fetch and analyze data ( strong SQL querying…",
Associate Payment Intelligence and Cybercrime Analyst,Visa,"San Francisco, CA+1 location",Today,2022-04-25,"Previous experience with data analysis, data science, and using data to inform intelligence analysis.
Utilize data science / analytics skills to develop process…",
Senior Data Scientist,Braintrust,"Remote in San Francisco, CA 94133+1 location",11 days ago,2022-04-25,"The candidate needs to be able to craft strong data science based initiatives and has a strong background in data analysis using signal processing, machine…",
Data Scientist,Upgrade,"Hybrid remote in San Francisco, CA",30+ days ago,2022-04-25,"Upgrade is a fintech unicorn founded in 2017.
We are the fastest-growing company in the Americas (Financial Times).
2+ years experience as a Data Scientist.",
"Data Scientist, Affiliates",SoFi,"San Francisco, CA 94129 (Presidio area)",Today,2022-04-25,"Build data structures and ETL pipelines to transfer data into Snowflake data warehouse, leveraging DBT and Airflow;
Deep understanding of credit bureau data;",
Data Science - Analytics Engineer,Transform Data,"Remote in San Francisco, CA",30+ days ago,2022-04-25,We bridge the gap between those who know the data and those who need the data by creating a trusted metrics repository with an accessible user interface and a…,
Data Scientist,Focal Systems,"Remote in Burlingame, CA+1 location",30+ days ago,2022-04-25,"Identify data, metrics and analyses needs; Initiate, develop and maintain data pipelines and data models that powers dashboards and data products with…",
Data Science Manager,Doma,"Remote in San Francisco, CA 94110",30+ days ago,2022-04-25,"Own data science product implementation, from code to customer feedback.
1+ years' experience planning and scoping data science and machine learning projects.",
Science Communicator,Atomwise,"San Francisco, CA",6 days ago,2022-04-25,"Along the way, we are solving some of the most challenging problems at the intersection of chemical/biological sciences, data science, machine learning, and…",
Data Analyst (remote),Fitbod,"Remote in San Francisco, CA",30+ days ago,2022-04-25,"You will help catch and document data errors.
Building and maintaining dashboards that effectively communicate data insights.
You will ask your own questions.",
Data Analyst,Photomath,"San Mateo, CA",30+ days ago,2022-04-25,"Experience with data science methodologies (regression, tree and forest, neural networks).
Consult on data-related projects.",
People Analytics Manager,Discord,"Remote in San Francisco, CA 94107",30+ days ago,2022-04-25,"Partner with the HRIS system owners, data science and other management teams to develop and implement Data Governance through partnering with key stakeholders.",
Data Science - Analytics Engineer,Resonance AI,"San Francisco, CA",30+ days ago,2022-04-25,"Experience with relational data modeling and metadata management.
Analyze and translate business needs into long-term data models.",
"Data Scientist, Applied Data Science",Kyte,"San Francisco, CA+1 location",30+ days ago,2022-04-25,"Minimum 2+ years of hands on experience in data science.
To support ongoing as well as ad hoc data challenges of the business.",
"Data Scientist, TikTok Creation and Consumption",TikTok,"San Francisco, CA",30+ days ago,2022-04-25,"3+ years of industry experience in data science, conducting quantitative analysis and implementing data science solutions.",
Data Scientist,SunPower,"Richmond, CA 94804 (Marina Bay area)",30+ days ago,2022-04-25,"Significant experience developing automated data flows.
We are looking for candidates with experience developing data models, ETL data flows, and AWS…",
Division Administrator (Data Science),Lawrence Berkeley National Laboratory,"San Francisco Bay Area, CA+5 locations",9 days ago,2022-04-25,"Knowledge of LBNL financial and HR systems; know available resources and how to retrieve data from systems.
In this exciting role, you will provide moderate to…",
Data Analyst,Surya Systems,"Temporarily Remote in San Francisco, CA",30+ days ago,2022-04-25,"Own the end to end data science process, from initiation to deployment, and through ongoing communication and collaboration, sharing of results to partners and…",
Data Scientist,Adobe,"San Francisco, CA+1 location",30+ days ago,2022-04-25,"Big data manipulation and programming.
You will need to find innovative approaches for evaluating the digital strategies of the world’s largest brands through…",
Associate Data Science Engineer,Gap Inc.,"San Francisco, CA 94105 (Financial District area)+3 locations",30+ days ago,2022-04-25,"Navigate various data sources and efficiently locate data in a complex data ecosystem.
This position will be part of the Data Science Engineering team at Gap…",
Data Science Manager,West Monroe,"Hybrid remote in San Francisco, CA 94105+1 location",12 days ago,2022-04-25,"Experience with managing 2-5 teammates on data science projects.
Develop and test key investment hypotheses by asking the right questions and using appropriate…",
Data Scientist,Surya Systems,"Temporarily Remote in San Francisco, CA",30+ days ago,2022-04-25,"Experience in applied data science, analytics, data storytelling.
Apply your expertise in quantitative analysis, data mining, and the presentation of data to…",
Data Science Manager,"VIZIO, Inc.","San Francisco, CA 94108 (Financial District/South Beach area)",30+ days ago,2022-04-25,"Proficient with modern big data technologies and CI/CD frameworks.
Dig deep into high volumes of data to find anomalies and propose solutions to fix them.",
"Data Scientist, Client Services",Morning Consult,"Remote in San Francisco, CA",30+ days ago,2022-04-25,"This could include developing R packages to clean data, evaluate/interpret results, streamline data collection, or present data in new ways.",
"Risk Specialist, Data Science (Suptech Team)",Federal Reserve Bank of San Francisco,"Hybrid remote in San Francisco, CA 94105",10 days ago,2022-04-25,"Collaborate with business partners across SF Fed and S+C to drive roadmap and prioritization of requirements in the risk, supervision and data science domains.",
"Risk Specialist, Data Science (Suptech Team)",Federal Reserve Bank of San Francisco,"Hybrid remote in San Francisco, CA 94105",10 days ago,2022-04-25,"Collaborate with business partners across SF Fed and S+C to drive roadmap and prioritization of requirements in the risk, supervision and data science domains.",
Data Scientist,Unify Consulting,"San Francisco, CA 94105 (Financial District/South Beach area)",EmployerActive 4 days ago,2022-04-25,"Advanced skills in data analysis and data mining.
Expert skills in data analysis and data mining.
Troubleshoots reported data loads or reconciliation…",
Clinical Science Data Analyst,"Cytovale, Inc","Remote in San Francisco, CA 94134",30+ days ago,2022-04-25,"Experience in coding for data analysis, e.g. Python, R; including data science packages and tools (pandas, numpy, matplotlib) required.",
Data Analyst,Splunk,"San Francisco, CA 94107 (South Of Market area)",7 days ago,2022-04-25,Partner with Data Governance and engineering teams to define the data elements and data structure that the team should use to enable analytical capabilities.,
Data Science Manager (Text Extraction + Document Classificat...,SKAEL,"San Francisco, CA 94105 (Financial District area)",4 days ago,2022-04-25,"Capable of applying basic principles of data science (machine learning, statistics, computer science, mathematics) to solve technical problems.",
"Data Scientist, Square Banking - Checking and Savings",Square,"San Francisco, CA+9 locations",4 days ago,2022-04-25,"Contribute to the data strategy of product engineering, influencing engineers to make well-informed architecture and design decisions that affect data at Square…",
"Manager of Data Science, Analytics",Sojern,"Hybrid remote in San Francisco, CA 94111+1 location",7 days ago,2022-04-25,You have at least one year of experience either leading a team of analytical data scientists or leading multi-stakeholder data science projects.,
Data Engineer,One Medical,"Remote in San Francisco, CA",Today,2022-04-25,Build proper data quality detection to identify data issues in the data transformation stages and fix the problems to meet pipelines / table health SLAs.,
"Data Scientist, Go To Market",Notion,"San Francisco, CA 94110 (Mission area)+1 location",30+ days ago,2022-04-25,"You'll partner with one or more go-to-market teams, driving forward all data science and analytics work in their functional areas.
You are a SQL expert.",
Sr. Data Analyst,Poshmark,"Remote in Redwood City, CA",4 days ago,2022-04-25,"Experience with big data in ecommerce or social platform is a plus.
Build in the right processes and time to thoroughly QA data and insights.",
Data Analyst - Product (Remote),New Relic,"Remote in San Francisco, CA 94105",4 days ago,2022-04-25,"Lead in-depth exploratory data analysis of disparate data sources.
Ensure Product Engagement data is captured and structured for analysis.",
"Data Scientist, Sales Support (Remote, US-based)",SentiLink,"Remote in San Francisco, CA 94103",30+ days ago,2022-04-25,"Develop Python scripts, write SQL queries, working with data scientists and engineers.
Pilot studies are the way a financial institution is introduced to our…",
Data Scientist at Sleep Startup,Recruiting From Scratch,"Remote in San Francisco, CA 94109+57 locations",9 days ago,2022-04-25,Independently run data experiments and build proof of concepts to better use data and improve our client's products.,
Senior Data Analyst,Vanta,"Remote in San Francisco, CA",3 days ago,2022-04-25,"Deep experience with data visualization.
Be a data and analysis expert for your team.
Develop and drive our technology driven data governance efforts.",
Senior Data Analyst,DISH,"Foster City, CA 94404 (Town Center area)",13 days ago,2022-04-25,"Communicate effectively with the business leadership and your data science team to understand their needs, generate and validate hypothesis.",
Senior Data Analyst,DISH,"Foster City, CA 94404 (Town Center area)",13 days ago,2022-04-25,"Communicate effectively with the business leadership and your data science team to understand their needs, generate and validate hypothesis.",
"Program Manager, Data Science for Development",Center for Effective Global Action (CEGA),"Berkeley, CA 94720",EmployerActive 4 days ago,2022-04-25,"Applying data science expertise: Use your knowledge of ML, AI, and data science for development to liaise with computer science faculty and donors and design…",
Data Architect,Sumo Logic,"Remote in Redwood City, CA 94063",Today,2022-04-25,"Your job will be to build the backbone of our Business Intelligence pipeline including formulating our data strategy, the stand up and management of our data…",
Data Science Manager - Payments Optimization,Cash App,"Remote in San Francisco, CA 94103",6 days ago,2022-04-25,"Use data and expertise to build compelling narratives that communicate ideas and opportunities to gain buy in and build alignment, with both internal and…",
Talent Acquisition Partner - Engineering/ Data Science [Remo...,BlueOwl,"Remote in San Francisco, CA",13 days ago,2022-04-25,Own full-cycle Recruitment for your various teams across creative and marketing from top-of-funnel strategy to running point on offers and closing candidates.,
"Data Scientist, Recruiting and People Ops",Ripple,"San Francisco, CA 94105 (Financial District/South Beach area)",30+ days ago,2022-04-25,"Experience in a data analytics/science role.
Experience with data modeling tools like DBT.
Reporting into the Data Science team, this role would sit at the…",
Sr Data Analyst,BitTorrent,"San Francisco, CA 94108 (Financial District/South Beach area)",EmployerActive 6 days ago,2022-04-25,"Knowledge of statistics and data science concepts.
Strong communication skills and comfortable presenting data clearly to audience of all levels.",
Data Scientist,Faire,"Remote in San Francisco, CA+4 locations",7 days ago,2022-04-25,At Faire we build elegant and efficient products to deliver superior customer experiences and enhance marketplace efficiency at the same time.,
"Data Scientist, Customer Success",Square,"San Francisco, CA",30+ days ago,2022-04-25,"Work with engineers to evangelize data best practices and implement analytics solutions.
Fluency in SQL, Python, and Machine Learning, with experience exploring…",
Head of Data Science,Cisco Meraki,"Remote in San Francisco, CA",24 days ago,2022-04-25,"8+ years of experience in business analytics, consulting, data science, business intelligence, data quality, and/or data engineering.",
Vitria Data Scientist,Vitria Technology,"Remote in Menlo Park, CA 94025",30+ days ago,2022-04-25,"Proven data science or data analysis experience.
Experience analysis time-series data.
Detect and correlate anomalies across disparate time-series data.",
Senior Data Engineer,Discord,"Hybrid remote in San Francisco, CA 94107",30+ days ago,2022-04-25,"As one of the early data engineers at Discord, you’ll have an outsized impact on our data foundations.
What you'll be doing Create and maintain data pipelines…",
Data Scientist,Entelo,"San Francisco, CA",30+ days ago,2022-04-25,"As a Data Scientist at Entelo, you will use a combination of traditional machine learning and data science techniques to design solutions that make recruiting…",
"Quantitative Analyst, YouTube",YouTube,"San Bruno, CA",30+ days ago,2022-04-25,Conduct end-to-end analysis including data gathering and processing with ongoing deliverables to improve the quality of YouTube’s scaled offering to Tier 2…,
Data Scientist,6sense,"Remote in San Francisco, CA",19 days ago,2022-04-25,"Experience as a data scientist.
Lead the way in leveraging unstructured data for predictive modeling and decision-making.
Enjoy work, and your life.",
Data Scientist,Circle,"Remote in San Francisco, CA",30+ days ago,2022-04-25,"Identify data, metrics and analyses needs for business partners; Initiate, develop and maintain data pipelines and data models that powers dashboards and data…",
"Product Manager, Data Science",Salesforce,"San Francisco, CA 94105 (Financial District/South Beach area)+2 locations",30+ days ago,2022-04-25,"As a Product Manager, Data Science, you will join a team of data scientists, data engineers and analysts who lead the agenda for building trusted data products…",
Research Analyst,TRM Labs Inc.,"Remote in San Francisco, CA",30+ days ago,2022-04-25,"Every day, we tackle challenges in data engineering, data science, and threat intelligence to advance our mission to build a safer financial system for billions…",
Data Engineer,EarnUp,"Hybrid remote in San Francisco, CA",30+ days ago,2022-04-25,Develop the next generation data platform by combining the data from our transaction systems with data from other data platforms to create unique data models.,
Data Scientist,PocketPills,"Remote in San Francisco, CA 94103",30+ days ago,2022-04-25,"5+ years of hands-on experience analyzing data at scale from inception to business impact.
As a marketing data scientist, you'll be playing a key role in…",
Data Scientist (NLP),Talkdesk,"Remote in San Francisco, CA+1 location",30+ days ago,2022-04-25,"We don't do pure science at Talkdesk.
Explore, clean and transform large datasets of unstructured data;
We're looking for the rare breed of data scientist who…",
"Data Scientist, Analytics & Data",Williams Sonoma,"San Francisco, CA 94108 (Financial District/South Beach area)",19 days ago,2022-04-25,"In this position, you will be responsible for producing and integrating data science asset deliverables into WSI business decisions, processes, and systems.",
"Data Scientist, Product Analytics",Lattice,"Remote in San Francisco, CA 94104",13 days ago,2022-04-25,"Experience working in data at a B2B SaaS company.
Research and make recommendations on best practices for our data tech stack.
Knowledge of R or Python.",
Data Scientist,Herophilus,"San Francisco, CA",30+ days ago,2022-04-25,"Demonstrable experience with data analysis and visualization on complex data sets.
We are growing our data science team that's at the heart of our drug…",
Technical Recruiter-SaaS/Data Analytics (Remote),Jacobs,"Remote in San Francisco, CA 94102",25 days ago,2022-04-25,"Utilizing your analytics skills, you’ll track critical recruitment data, produce regular and ad-hoc metrics on recruiting activity.
Here’s What You’ll Need:",
"Data Science Manager, People Analytics",Carta,"San Francisco, CA",30+ days ago,2022-04-25,"We believe in building a strong data foundation to ensure data quality and to promote self-service across the company.
The Company You'll Join.",
Data Scientist,Finrise,"Burlingame, CA",30+ days ago,2022-04-25,"Working with unstructured and nontraditional data doesn’t scare you.
Conducting statistical analyses to assess the value of new data points and vendors.",
"Machine Learning Engineer, Ads Engagement Modeling",Pinterest,"San Francisco, CA 94103 (South of Market area)",30+ days ago,2022-04-25,"Millions of people across the world come to Pinterest to find new ideas every day.
It's where they get inspiration, dream about new possibilities and plan for…",
Staff Data Engineer - Machine Learning,Iterable,"Remote in San Francisco, CA",6 days ago,2022-04-25,"Common data engineering for AI, Analytics and BI - batch and streaming.
Iteratively improve data observability and quality for AI, Analytics and BI use cases.",
Head of Data Science,Landing,"San Francisco, CA",30+ days ago,2022-04-25,This role will combine the hands-on creation of data science models with the hiring and leadership of other data scientists.,
Data Scientist,Quantcast,"Hybrid remote in San Francisco, CA 94103",27 days ago,2022-04-25,"Experience in solving problems using a structured, hypotheses and data driven approach while accounting for ambiguity.",
Data Science Manager,Tatari,"Hybrid remote in San Francisco, CA",30+ days ago,2022-04-25,"Managing a team of data scientists.
Analyzing large amounts of data to identify relationships and trends, and organize findings, translating them into…",
Applied Research Scientist,Grammarly,"Remote in San Francisco, CA 94104",30+ days ago,2022-04-25,"Ruthlessly follows the data, looking for evidence to disconfirm hypotheses and changing perspectives when that's what the data indicates.",
Data Scientist,Stitch Fix,"San Francisco, CA+1 location",26 days ago,2022-04-25,"Have applied data science experience, e.g. not just fitting a model but being held accountable for creating business value.",
"Data Analytics Sales Specialist, Google Cloud",Google,"San Francisco, CA",5 days ago,2022-04-25,"Understanding of data analytics technology stack (e.g., Hadoop/Spark, Columnar data warehouses, data streaming, ETL and data governance, predictive analytics,…",
140: Data Analyst,Dataspace,"Remote in San Francisco, CA",30+ days ago,2022-04-25,"﻿Why data science job seekers work with Dataspace.
You’ll be responsible for some of the most critical work in the data quality chain including data profiling,…",
Data Scientist,MOLOCO,"Redwood City, CA 94063 (Middlefield area)",30+ days ago,2022-04-25,Data validation: verifying the data we obtain from ad exchange and the third party mobile app tracking solutions so that our campaign models get trained with…,
Senior Data Scientist at Rent-to-Own Startup,Recruiting From Scratch,"Remote in San Francisco, CA 94109+6 locations",5 days ago,2022-04-25,"You have 3+ years of experience working in data science.
Day to day, you will perform a mix of exploratory data analysis, statistical modeling, software…",
Data Scientist (Machine Learning/Deep Learning),Advantine Technologies,"San Francisco, CA",3 days ago,2022-04-25,"Experience in processing and modeling time-series data (not financial data or stock price prediction).
Analyze quantitative data from experiments to draw…",
Data Science Associate Consultant (Current Students),ZS Associates,"South San Francisco, CA 94080+1 location",19 days ago,2022-04-25,"Execute statistical and data mining techniques (e.g. hypothesis testing, machine learning and retrieval processes) on large data sets to identify trends,…",
Data Analyst - User Acquisition,Liftoff+Vungle,"Remote in San Francisco, CA",30+ days ago,2022-04-25,"Create impactful data reports from conceptualization, through data extraction, data analysis, and data mining, to the delivery of clear and actionable…",
"Data Scientist, Product",Go2Andaman,"San Francisco, CA+1 location",21 days ago,2022-04-25,You have helped design processes that data science teams use to collaborate with their product and engineering peers.,
Data Science Manager,FLYR Labs,"San Francisco, CA",13 days ago,2022-04-25,As a data science manager you will lead the development of ML models and data science work to create pricing and forecasting outputs for our SaaS product…,
"Financial Crimes, Data Scientist - Exp Assoc (Financial Serv...",PRICE WATERHOUSE COOPERS,"Remote in San Francisco, CA 94111+2 locations",30+ days ago,2022-04-25,"Handle, manipulate and analyse data and information responsibly.
Demonstrates some abilities and/or a proven record of success in the application of statistical…",
"Data Scientist, International Payments",Patreon,"San Francisco, CA+1 location",30+ days ago,2022-04-25,"You are an expert querying large datasets, visualizing and presenting data, using Python relevant data libraries (pandas, numpy), and know how to manipulate…",
Data Scientist,Swish Analytics,"Remote in San Francisco, CA 94133+1 location",30+ days ago,2022-04-25,"Contribute to all stages of model development, from creating proof-of-concepts and beta testing, to partnering with data engineering and product teams to deploy…",
Data Science Generalist,MeliBio,"Oakland, CA",30+ days ago,2022-04-25,"Ability to collaborate with the experimental analytic chemistry, microbiology, and food science teams.
Preferred: Experience in the analysis of data from GCMS,…",
Data Scientist,Blockchain.com,"Remote in San Francisco, CA",30+ days ago,2022-04-25,"Fluency in the data science tech stack, including Python (pandas, numpy, scipy, matplotlib, scikit-learn) for data science/machine learning, analytics…",
Applied Data Scientist,Spring Discovery,"San Carlos, CA 94070",30+ days ago,2022-04-25,"Experience. You have 3+ years of real-world experience in data science, software development, or machine learning.
Maturity in face of ambiguity.",
Data Engineer,ZAGENO Inc,"San Francisco, CA+1 location",5 days ago,2022-04-25,"As a data engineer, you will work with a small but growing data team to (1) develop pipelines to help clean, understand, and enrich events and content; (2)…",
Date Scientist,IDEASVOICE,"San Francisco, CA",30+ days ago,2022-04-25,"Experience visualizing data and reporting.
Professional experience in machine learning techniques, data analytics, data mining, IR,.",
Director of Data Science,LoanSnap,"San Francisco, CA 94107 (Financial District/South Beach area)",30+ days ago,2022-04-25,"Finding and mentoring talented data scientists.
Generate easy-to-understand data visualizations.
Identify, research, and analyze potential data sources.",
Product Data Scientist,Philo,"San Francisco, CA 94103 (South of Market area)+1 location",30+ days ago,2022-04-25,"Demonstrated ability to influence product roadmaps and business decisions with data.
You'll be working closely with other data scientists and engineers to build…",
Data Analyst,Beshton Software,"San Francisco Bay Area, CA",30+ days ago,2022-04-25,"Identify trends in financial data and risk factors for businesses, process large amounts of collected data and make use of increased data points to increase…",
Business Systems Analyst,Vastek Inc,"San Francisco, CA",3 days ago,2022-04-25,"Writing SQL queries and/or Python scripts for data validation, data research and custom reports.
Experience with Master Data Management (MDM), data governance,…",
Data Analyst,Tron,"San Francisco, CA",30+ days ago,2022-04-25,"Knowledge of statistics and data science concepts.
Strong communication skills and comfortable presenting data clearly to audience of all levels.",
Fraud Analyst,"Zoom Video Communications, Inc.","Remote in San Francisco Bay Area, CA",13 days ago,2022-04-25,"5+ years of hands-on fraud investigation and analysis with data.
Interpret structured data, develop recommendations and analysis to identify latest trends and…",
"Director Data Science Analytics, Marketing",Shipt,"Remote in San Francisco, CA",30+ days ago,2022-04-25,"Define, articulate, and execute the data analytics and data science strategy across all of the consumer experience channels.",
Data Scientist,RAPP,"San Francisco, CA",30+ days ago,2022-04-25,"Our data science team partners closely with our Creative, Strategy, Analytics and Technology colleagues.
You code in R or Python and don't mind getting your…",
Data Scientist - All Levels,Abnormal Security,"Remote in San Francisco, CA",30+ days ago,2022-04-25,"Love to dig into massive amounts of data to draw insights.
Not afraid to get your hands dirty - comfortable writing code or cleaning data when needed.",
"Data Scientist, Analytics - Customer Experience","Twitch Interactive, Inc.","San Francisco, CA+12 locations",30+ days ago,2022-04-25,"Structure the data, guide development and standardization, enable cross-platform integrations through facilitating data pipelines.",
Data Analyst,Zynga,"Temporarily Remote in San Francisco Bay Area, CA",14 days ago,2022-04-25,"A successful candidate will be passionate about using analytics and data science to impact revenue through customer-centric, data-driven initiatives.",
Sr. Data Scientist,PlayStation Global,"San Mateo, CA+3 locations",30+ days ago,2022-04-25,"Advanced analytical and problem solving abilities and a flexible, curious approach to data.
Extensive experience querying, manipulating, and analyzing a variety…",
Machine Learning & NLP Data Scientist,HANUMAYAMMA INNOVATIONS AND TECHNOLOGIES,"Temporarily Remote in San Francisco, CA",30+ days ago,2022-04-25,"We are looking for data science & machine learning (ML) engineer with exclusive knowledge of Macroeconomic, Government Finance Analytics, Budgets, and develop…",
Data Science Specialist,Heluna Health,"Richmond, CA 94804",30+ days ago,2022-04-25,"Ensure accurate data versioning to track data and data element changes over time.
Two years of experience in data management, informatics, data science, or data…",
"Data Scientist, Bioinformatics",PrognomIQ,"Hybrid remote in San Mateo, CA",4 days ago,2022-04-25,"Modeling experiences in either data-driven or statistical approaches and experiences in life science, in particular, such as genomics data processing pipelines…",
Data Scientist,University of California San Francisco,"San Francisco, CA 94143 (Inner Sunset area)",30+ days ago,2022-04-25,"Graduate degree in quantitative data science (e.g., data science, epidemiology, health services research, biostatistics or statistics, public/population health,…",
Senior Data Analyst,Sourcegraph,"Remote in San Francisco, CA 94105",18 days ago,2022-04-25,"Demonstrated background (4-6 years) in analytical roles (analytics, operations, data engineering, data science, etc.).
Within six months you will:",
Data Analyst,Lattice,"Remote in San Francisco, CA 94104",30+ days ago,2022-04-25,"Collaborate with teams within CX to create repeatable, marketable analytics offerings for customers looking to better understand their Lattice data.",
"Manager, Data Science",C3 AI,"Redwood City, CA+3 locations",30+ days ago,2022-04-25,"Manage a team of data scientists.
As a manager, you will be responsible for a team of data scientists.
You will help find the appropriate machine learning /…",
"Director, Data Analytics - Customer Success Data Science",DocuSign,"Remote in San Francisco, CA 94105",14 days ago,2022-04-25,"3+ years of demonstrated experience in solving complex business problems using data science, statistical techniques and machine learning to build predictive and…",
Data Visualization Specialist,Crunch.io,"Remote in San Francisco Bay Area, CA",30+ days ago,2022-04-25,"Deep domain expertise of data science, statistical analysis, and data visualization.
Able to design/develop industry-leading data visualizations based on an…",
"Data Science Strategist, Transparency",Facebook App,"San Francisco, CA+23 locations",2 days ago,2022-04-25,"Partner cross-functionally with the product, data science, data engineering and policy teams to access & understand tools and data sets, and the partnerships…",
"Data Scientist, Developer Empowerment",Square,"San Francisco, CA",30+ days ago,2022-04-25,"Lead and coordinate on complex projects that extend beyond the traditional boundaries of product domains, analytics, and data science.",
Data Scientist V Advanced Analytics,Kaiser Permanente,"Oakland, CA",3 days ago,2022-04-25,Prepares data for analytic efforts by integrating and consolidating data; ensuring data quality and accuracy; profiling data inaccuracies and recommending…,
Biomedical Informatics Data Scientist,Stanford Health Care,"Redwood City, CA 94063",30+ days ago,2022-04-25,"Work closely with the data science and engineering team on data quality analysis.
Analyze and incorporate external data sets that may augment the power of…",
Data Scientist,CBI Remote,"Remote in San Francisco, CA",6 days ago,2022-04-25,"Exposure to big data technologies.
Experience working with data warehouses Eg: Redshift and other similar database systems.",
Data Science Lead,Doorvest,"Remote in San Francisco, CA 94105",19 days ago,2022-04-25,"As a Lead, you will be leading and growing a team of Data Scientists and Data Analysts working on our data warehouse and helping each department with their data…",
Data Scientist,Algonomy,"San Francisco, CA+1 location",30+ days ago,2022-04-25,"Experience with databases, distributed data, and data wrangling.
Working with experimental and live data.
Committing and reviewing code in Python / Tensorflow /…",
Data & Analytics Consultant - San Francisco,Propeller,"Remote in San Francisco, CA 94124",30+ days ago,2022-04-25,"Understand and articulate technology options available in data management, analytics development, requirements, data science options, and data visualizations,…",
Data Analyst,Grabango,"Remote in Berkeley, CA",30+ days ago,2022-04-25,"You'll influence every decision that we make, from design to marketing to finance.
This full-time role reports directly to the Data Science Manager and is based…",
Senior Staff Data Scientist,Conviva,"Remote in Foster City, CA",5 days ago,2022-04-25,"7+ years of industry experience in predictive modeling, data science and analysis.
2+ years of hands-on experience as a data science architect or technical lead…",
Senior Data Scientist,DISH,"Foster City, CA 94404 (Town Center area)",4 days ago,2022-04-25,"Ready to do efficient iterative end to end data science - from eda to model definition, hypothesis creation and testing.",
Big Data Engineer - PySpark,Logic20/20 Inc.,"San Francisco, CA+1 location",30+ days ago,2022-04-25,"Applying an Agile approach to data science, you’ll work closely with our team of analysts, technical product owners, and data scientists to drive real business…",
Machine Learning/Data Science Manager,Iterative Scopes,"San Francisco, CA+1 location",30+ days ago,2022-04-25,"6+ Years’ experience in data science and/or machine learning.
Iterative Scopes is seeking a manager for their machine learning and data science teams.",
Data Engineer,Surya Systems,"San Francisco, CA",30+ days ago,2022-04-25,"Perform data modeling of the various entities involved Trust like customers, hosts, cases, agents etc. using modern data modeling tools and frameworks.",
Product Analyst - Advanced Data and Analytics Capabilities T...,Federal Reserve Bank of San Francisco,"Hybrid remote in San Francisco, CA 94105",30+ days ago,2022-04-25,"Willingness to develop an understanding of big data and data science pipelines.
Analyze data to identify actionable insights.",
"Software Engineer, Machine Learning",Grammarly,"Remote in San Francisco, CA 94104+2 locations",30+ days ago,2022-04-25,Understands data structures and algorithms at a level sufficient to write performant code when working with large datasets or large incoming data streams.,
Data Scientist,Sila Nanotechnologies,"Alameda, CA 94501 (West End area)",21 days ago,2022-04-25,"A B.S. or higher in data science, computer science, engineering, math or physical sciences or equivalent training / experience.",
Senior Data Analyst,Samsara,"Remote in San Francisco, CA 94107",18 days ago,2022-04-25,"4+ years experience as a data analyst, data engineer, or related role.
Experience with data visualization, preferably in Tableau.",
"Software Engineer, Machine Learning",Grammarly,"Remote in San Francisco, CA 94104+2 locations",30+ days ago,2022-04-25,Understands data structures and algorithms at a level sufficient to write performant code when working with large datasets or large incoming data streams.,
Data Scientist,Sila Nanotechnologies,"Alameda, CA 94501 (West End area)",21 days ago,2022-04-25,"A B.S. or higher in data science, computer science, engineering, math or physical sciences or equivalent training / experience.",
Senior Data Analyst,Samsara,"Remote in San Francisco, CA 94107",18 days ago,2022-04-25,"4+ years experience as a data analyst, data engineer, or related role.
Experience with data visualization, preferably in Tableau.",
Data Scientist,Astranis,"San Francisco, CA",18 days ago,2022-04-25,Relentless and detail-oriented in the pursuit of data integrity with demonstrated ability to coach system users on better data practices.,
Data Quality Analyst,Pivot Bio,"Remote in Berkeley, CA",30+ days ago,2022-04-25,"3+ years of relevant experience in data analysis/data curation.
Perform quality control on incoming third-party data and catalog data inconsistencies to provide…",
"Ophthalmology Imaging Strategist PHC Data, Analytics and Ima...",Genentech,"San Francisco, CA (Mission Bay area)",5 days ago,2022-04-25,"Identify, evaluate, and gain access to external real-world data (RWD) imaging data sources as well as aid in the labeling of these data for algorithm…",
SENIOR DATA SCIENTIST,Harnham,"San Francisco, CA+4 locations",3 days ago,2022-04-25,"Desire to build a data science ecosystem from the ground up.
Help clean data and implement validation.
Industry experience applying ML to biological data.",
Senior Data Science Manager,Lyra Health,"Remote in Burlingame, CA 94010",30+ days ago,2022-04-25,"4+ years working as a data science manager focused on data analysis, R&D, and predictive analytics.
A track record of scaling and building data science teams.",
"Data Engineer, Measurement and Attribution",Square,"San Francisco, CA",3 days ago,2022-04-25,"Make data model and ETL code improvements to improve pipeline efficiency and data quality.
Analyze new data sources and work with stakeholders to understand the…",
Data Scientist,Envoy,"Remote in San Francisco, CA 94107",30+ days ago,2022-04-25,"3+ years of professional experience as a data scientist in the SaaS industry.
Partner closely with Product and Go-to-Market teams to understand the technical…",
Revenue Data Analyst,Miro,"San Francisco, CA",30+ days ago,2022-04-25,"Be persistent in ensuring data quality and resourceful in getting data that is not immediately available.
Know where to find the right data to answer a question…",
Payments Data Analyst,"Zoom Video Communications, Inc.","Remote in San Francisco Bay Area, CA",30+ days ago,2022-04-25,"Experience manipulating large data sets in SQL or equivalent, and drawing relevant insights from data.
Provide overall payments data implementation expertise.",
Data Engineer (m/f/d) Remote,360dialog,"Remote in San Francisco, CA 94102",EmployerActive 12 days ago,2022-04-25,"Experience and understanding of data and data platform concepts and architectures (data lake, data warehouse, etc);",
Data Scientist,StreetLight Data,"San Francisco, CA 94107 (Financial District/South Beach area)",30+ days ago,2022-04-25,"Strong understanding of techniques in data science (machine learning algorithms, regression analysis, etc.).
This team member will lead data science projects to…",
Data Engineer,Stitch Fix,"San Francisco, CA",4 days ago,2022-04-25,"Experience in building out data models and data engineering capabilities.
The data engineering team is a small, nimble group of data engineers that drive the…",
Data Engineer (m/f/d) Remote,360dialog,"Remote in San Francisco, CA 94102",EmployerActive 12 days ago,2022-04-25,"Experience and understanding of data and data platform concepts and architectures (data lake, data warehouse, etc);
Knowledge in statistics and ML concepts;",
Data Scientist,StreetLight Data,"San Francisco, CA 94107 (Financial District/South Beach area)",30+ days ago,2022-04-25,"Strong understanding of techniques in data science (machine learning algorithms, regression analysis, etc.).
This team member will lead data science projects to…",
Data Engineer,Stitch Fix,"San Francisco, CA",4 days ago,2022-04-25,"Experience in building out data models and data engineering capabilities.
The data engineering team is a small, nimble group of data engineers that drive the…",
"Senior Data Scientist, Machine Learning - Ecosystems & Serve...",Discord,"Remote in San Francisco, CA 94107+4 locations",30+ days ago,2022-04-25,"If you're passionate about data, machine learning, and working on an amazing team, read on!
Discord was built without selling ads or user data and instead,…",
Associate Data Engineer,Ubisoft,"San Francisco, CA 94107 (Financial District/South Beach area)",30+ days ago,2022-04-25,"Implement and monitor data quality indicators across the data pipeline.
Develop microservices to support our data operations.
Paid time off to volunteer.",
Data Analyst I (Project Bound) (Part-Time),NextEra Energy,"San Francisco, CA 94108 (Financial District area)",30+ days ago,2022-04-25,"EIQ Mobility, a subsidiary of NextEra Energy Resources (NEER), is a data science and software company based in San Francisco, CA.",
"Staff Data Scientist (Applied Science), Education",Chan Zuckerberg Initiative,"Remote in Redwood City, CA+1 location",30+ days ago,2022-04-25,"Run A/B experiments, gather data, and perform statistical analysis.
Build machine learning models and utilize data analysis to deliver scalable solutions to…",
"Manager II, Data Science",Cruise,"San Francisco, CA",25 days ago,2022-04-25,"Designing and implementing a data solutions service model for engineering and product partners.
Growing and developing multiple teams of data scientists and…",
Lead Data Scientist,Innoplexus,"San Francisco, CA",30+ days ago,2022-04-25,"BSCS / PhD preferred in data science and software engineering field with an emphasis on Math.
As a valued member of the data science team you also can be a…",
Data Analyst (Remote),Bravado,"Remote in San Francisco, CA 94107",7 days ago,2022-04-25,"Partner with engineers and data scientists on common areas of scalability, data quality management, data delivery management and performance optimization.",
"Senior Data Analyst, Marketing Analyst",Omada Health,"Remote in San Francisco, CA",4 days ago,2022-04-25,"Empowering the team to answer data questions quickly and easily by building high-quality ground truth data sets.
You have worked with Marketo and Salesforce.",
Head of Data Science,VSCO,"Remote in Oakland, CA",30+ days ago,2022-04-25,"Its users and partners generate billions of data points every single day.
As a Senior Manager of the Data Science team, you will be responsible for leading a…",
"Data Scientist, Core Product",Airtable,"San Francisco, CA",30+ days ago,2022-04-25,"You have the ability to translate raw data into meaningful business insights and be able to tell a story with data.
16 weeks of parental leave.",
Data Scientist,Capella Space,"Remote in San Francisco, CA",30+ days ago,2022-04-25,"3+ years of experience with earth observation data.
Research and develop machine learning/statistical learning models for SAR data analysis.",
Machine Learning Earth Scientist,Sofar Ocean,"San Francisco, CA 94105 (Financial District/South Beach area)",30+ days ago,2022-04-25,"Working knowledge of Earth science and Earth system modeling.
Bring your unique expertise in machine learning to complement our ocean science team.",
Data Science Lead,UnitedMasters,"Remote in San Francisco, CA",30+ days ago,2022-04-25,"Manage a team of 3-5 product analysts and data scientists.
Run experiments and develop dashboards and data visualizations that enable observability and…",
Senior Data Engineer,"Loom, Inc.","Remote in San Francisco, CA",3 days ago,2022-04-25,"5+ years experience in a data engineering or data science role.
Help build data foundation, data pipelines and ETL that enable the creation of insightful…",
Data Scientist,Cutera,"Brisbane, CA 94005",9 days ago,2022-04-25,"Seek and screen data from third-party sources for data augmentation.
Craft and improve data collection procedures to include accurate and relevant data for…",
"Staff Technical Program Manager, Data Science",Instacart,"Remote in San Francisco, CA",Just posted,2022-04-25,"These products will be a force multiplier to data science's efforts.
Ship best-in-class data tools and infrastructure products.",
Big Data Engineer [Remote],Braintrust,"Remote in San Francisco, CA+1 location",13 days ago,2022-04-25,"Customer data (i.e. demographic attributes, account attributes, shopping activity, and data science model predictions) from a breadth of sources, organize it…",
Creative Content Specialist,OPES CLOUD,"Temporarily Remote in San Francisco, CA",30+ days ago,2022-04-25,"Candidates with some coding or data science experience, specifically analyzing, performing AB tests, or measuring content engagement, are huge pluses.",
"Data Engineer, BPE",Meta,"San Francisco, CA 94105 (Financial District/South Beach area)+6 locations",9 days ago,2022-04-25,"Build data expertise and own data quality for allocated areas of ownership.
Identify the data needed for a business problem and implement logging required to…",
Senior Data Analyst,PubNub,"Remote in San Francisco, CA",30+ days ago,2022-04-25,"Experience with applying data science to drive business growth.
Experience with building data pipeline jobs.
Bachelor's degree required with at least 4-6 years…",
Sales Development Representative (ML/AI/Data Science),Pachyderm,"Remote in San Francisco, CA 94103",26 days ago,2022-04-25,"Our system, developed with open source roots, shifts the paradigm of data science workflows by providing reproducibility, data provenance, and opportunity for…",
"Principal, Data Science/Analytics",Splunk,"San Francisco, CA 94107 (South Of Market area)",30+ days ago,2022-04-25,"10 + years of pricing, finance, data science or analytics heavy roles; 2 + years of experience managing a team.
Provide analysis of ad hoc strategic questions.",
Data Engineer,"Zoom Video Communications, Inc.","Remote in San Francisco Bay Area, CA+2 locations",24 days ago,2022-04-25,"Build data expertise and own data quality for the pipelines you create.
Passionate about data engineering, analytics, distributed systems and solving complex…",
"Data Scientist, Marketing Science Research: Creative Shop",Meta,"San Francisco, CA 94105 (Financial District/South Beach area)",30+ days ago,2022-04-25,"4+ years of experience in quantitative research, analytics, or data science.
We seek an expert in data science, research methods, and developing working systems…",
Software Engineer II - Machine Learning Infrastructure,Twitch,"Remote in San Francisco, CA",14 days ago,2022-04-25,"We are looking for ML infrastructure engineers who are excited to solve challenging and open-ended problems.
You will build high-quality code to help grow your…",
Senior BI Data Analyst,Credible,"Remote in San Francisco, CA 94102",30+ days ago,2022-04-25,"Develop data models in our data warehouse that enable performant, intuitive analyses.
5+ years of work experience as a data analyst, data engineer, or in a…",
Trading Analyst,Swish Analytics,"Remote in San Francisco, CA 94133",26 days ago,2022-04-25,"Analyze betting trends in a scientific process, turning data into quantifiable trading actions.
Manage client risk, ensuring the highest margins on Swish…",
Trading Analyst,Swish Analytics,"Remote in San Francisco, CA 94133",26 days ago,2022-04-25,"Analyze betting trends in a scientific process, turning data into quantifiable trading actions.
Manage client risk, ensuring the highest margins on Swish…",
"Data Science Manager, Data Privacy ML",Capital One - US,"San Francisco, CA 94108 (Financial District/South Beach area)+1 location",30+ days ago,2022-04-25,"You know understanding the data is often the key to great data science.
Use modern machine learning techniques on structured and unstructured data while…",
"Data Analyst, BPE",Facebook App,"San Francisco, CA",30+ days ago,2022-04-25,"Experience with data visualization tools such as Tableau.
Experience with reporting systems and data pipeline architecture.
4+ years of SQL experience.",
Senior Data Engineer,Vanta,"Remote in San Francisco, CA",10 days ago,2022-04-25,"Design and implement complex data models, modeling metadata, building reports and dashboards and creating reporting tools for data science and ML products users…",
Machine Learning Engineer,Solvvy,"Remote in San Mateo, CA 94403",12 days ago,2022-04-25,"Manage data ingestion processes, oversee labeling efforts and monitor data quality to support your own machine learning models.",
Data Scientist,Quantapore,"San Francisco, CA",30+ days ago,2022-04-25,"Experience with optical microscopy data sets.
Proficiency with a standard data analysis platform such as Python, R, Julia or MATLAB.",
Data Scientist,Feedzai,"Remote in San Francisco, CA",30+ days ago,2022-04-25,"Understanding the data which our clients provide to us;
Knowledge of statistics or data visualization is a plus;",
Machine Learning Engineer,Twitch,"San Francisco, CA+2 locations",30+ days ago,2022-04-25,"Proficiency in implementing data structures, data pipelines, CI/CD mechanisms, and orchestration.
Work with product managers, scientists, and other engineers to…",
"Data Scientist - Measurement Science, Marketing Data",Walmart,"San Bruno, CA+6 locations",5 days ago,2022-04-25,"Partner with cross-functional team to streamline data science solutions.
4+ years post academic experience in data science, measurement, marketing strategy,…",
Algorithm Engineer,Pivotal Life Sciences,"San Francisco, CA 94107 (Financial District/South Beach area)",30+ days ago,2022-04-25,"Actively performing data science analysis for an internal team on a weekly basis.
Can listen to domain experts in unfamiliar domains and quickly learn what data…",
Staff Data Scientist,DispatchHealth,"Remote in San Francisco, CA",30+ days ago,2022-04-25,"Passion for mentoring and guiding more junior data science team members.
Adept at managing large quantities of data from disparate data sources and creating…",
"Data Analyst, COVID Vaccine Team",Heluna Health,"Remote in Richmond, CA 94804+1 location",24 days ago,2022-04-25,"Two years of experience in data management, informatics, data science, preferred.
Design workflows and processes for automating data management and quality…",
Data Scientist - Growth,Nextdoor,"Remote in San Francisco, CA+2 locations",21 days ago,2022-04-25,"Advanced degree in a quantitative field and 3+ years working in data science, product analytics, or machine learning, or equivalent.",
Data Scientist,Datavant,"Remote in San Francisco, CA",30+ days ago,2022-04-25,"Identify areas where data science can help grow the company, including product improvements, internal tools, and commercial operations.",
Data Science Instructor,C3 AI,"Redwood City, CA+2 locations",30+ days ago,2022-04-25,"As a member of the larger Developer Experience Group, you will be responsible for developing new skills to data scientists and engineers.",
Data Scientist - Growth,Nextdoor,"Remote in San Francisco, CA+2 locations",21 days ago,2022-04-25,"Advanced degree in a quantitative field and 3+ years working in data science, product analytics, or machine learning, or equivalent.",
Data Scientist,Datavant,"Remote in San Francisco, CA",30+ days ago,2022-04-25,"Identify areas where data science can help grow the company, including product improvements, internal tools, and commercial operations.",
Data Science Instructor,C3 AI,"Redwood City, CA+2 locations",30+ days ago,2022-04-25,"As a member of the larger Developer Experience Group, you will be responsible for developing new skills to data scientists and engineers.",
Senior Data Engineer,People Data Labs,"Remote in San Francisco, CA",30+ days ago,2022-04-25,"Devising solutions to largely-undefined data engineering and data science problems as a founding team member.
You will be crucial in accelerating our efforts to…",
Sr. Data Scientist,Gap Inc.,"San Francisco, CA 94105 (Financial District area)",6 days ago,2022-04-25,"Manipulate large amounts of data across a diverse set of subject areas, collaborating with other data scientists and data engineers to prepare data pipelines…",
"Software Engineer, Machine Learning - Search, Recommendation...",Discord,"Remote in San Francisco, CA 94107+3 locations",30+ days ago,2022-04-25,"Collaborate with stakeholders throughout the company such as, leaders in product, data science, and engineering.
#LI-Remote #LI-Hybrid #LI-AR1.",
Product Analyst,DispatchHealth,"Remote in San Francisco, CA",12 days ago,2022-04-25,"Ability to simplify, synthesize, and drive concrete action based upon data.
Conduct deep-dive data analyses that result in high-quality insights and concrete…",
"Data Scientist, Growth Analytics",The Yes,"San Francisco Bay Area, CA",30+ days ago,2022-04-25,"Work across the org to build lasting data modeling solutions to enable self serve reporting.
Ensure data flows accurately into the relevant systems (Data…",
"Data Analyst, Square Compliance",Square,"San Francisco, CA",30+ days ago,2022-04-25,"Ability to bring data to life for any audience via written communication, verbal communication and data visualization.",
Senior Data Analyst,Envoy,"Remote in San Francisco, CA 94107",30+ days ago,2022-04-25,"Experience influencing strategy through data-centric presentations.
Experience telling stories with data and visualization tools, as well as custom data…",
Marketing Data Scientist (Remote),Shipt,"Remote in San Francisco, CA+1 location",30+ days ago,2022-04-25,"Ability to distill research findings into clear, and compelling data-backed presentations, data visualizations, and/or infographics.",
Detection: Machine Learning Engineers (All Levels),Abnormal Security,"Remote in San Francisco, CA+1 location",30+ days ago,2022-04-25,Our solutions help our customers protect their customers; as well as preventing direct losses and saving internal security teams' time/headache.,
Sr Machine Learning Engineer,Disney Streaming,"San Francisco, CA+1 location",2 days ago,2022-04-25,"Conduct data exploration, analysis and provide ML consultancy.
Experience with graph-based data workflows such as Apache Airflow, Meson.",
"Sr. Manager, Data Science",Alto Pharmacy,"San Francisco, CA",30+ days ago,2022-04-25,"Advanced degree (Master or PhD) in a technology field (Computer Science, Applied mathematics, Operations Research) with 4+ years as an established technical…",
"Data Scientist, Big Data R&D (All levels)",Socure,"Remote in San Francisco, CA",30+ days ago,2022-04-25,"Develop machine learning, data mining, statistical, and graph-based algorithms designed to analyze massive data sets.
Pyspark (or Scala a plus).",
Senior Health Data Analyst,Nuna,"Remote in San Francisco, CA 94123",30+ days ago,2022-04-25,"Nuna partners with healthcare payers, including government agencies and health plans, to turn data into learnings and information into meaning.",
Senior Business Intelligence Analyst,Braintrust,"Remote in San Francisco, CA 94133",Just posted,2022-04-25,"5+ years in data science and analytics.
Proven track-record in report development within data science / analytical reporting tools.",
Scientific Data and Informatics Analyst,Vitalant Research Institute,"San Francisco, CA 94118 (Lone Mountain/USF area)",30+ days ago,2022-04-25,"Knowledge of programming languages, relational database structures, dimensional data modeling and data warehouse support required.
Sign on bonus-$1000.00.",
"Senior Data Scientist, Promotions Optimization & Forecasting...",Shipt,"Remote in San Francisco, CA+5 locations",30+ days ago,2022-04-25,"Our data science teams build data driven solutions using machine learning and modeling, experimentation and causal inference techniques.",
Senior Data Analyst,Innovacer,"San Francisco, CA (Financial District/South Beach area)",20 days ago,2022-04-25,"Apply data mining for extracting and analyzing large volumes of data in various forms.
Creating and evaluating the data needs of assigned projects and assures…",
Commerce Data Engineer,PepsiCo,"San Francisco, CA (Financial District/South Beach area)",30+ days ago,2022-04-25,"The team applies Data Warehouse and Cloud techniques to build data pipelines to provide supply chain data like orders, fulfillment, customer, product from…",
Data Science Manager,GroundTruth,"Remote in San Francisco, CA",30+ days ago,2022-04-25,"A data driven person who thinks data and uses data to drive solutions.
10+ years professional experience in data science, analytics.",
Payments Analyst- Marketplace,"Zoom Video Communications, Inc.","Remote in San Francisco Bay Area, CA",13 days ago,2022-04-25,"Guide our decisions through consumer payment analytics and data insights.
Work cross-functionally throughout the organization (e-com, engineering, data science,…",
Data Scientist,dYdX,"Remote in San Francisco, CA 94114",20 days ago,2022-04-25,"Apply technical expertise with data mining, quantitative analysis, and the presentation of data.
Lead proactive exploratory data analysis and distill data…",
Remote,ACS Group,"Remote in Emeryville, CA",30+ days ago,2022-04-25,"Master’s degree in data science or related field.
Associate degree and 4 years of applied data science experience in industry.
Job Type : Six-month contract.",
Associate Director - Data Science,Novartis,"Hybrid remote in Emeryville, CA 94608",30+ days ago,2022-04-25,"That’s the number of proprietary quantitative activity measurements available for data mining and modeling.
Recognized leader with a track record of providing…",
"Director, Data Science & Analytics - Growth",Roblox,"San Mateo, CA",30+ days ago,2022-04-25,"12+ years of industry experience in data science or relevant academic experience.
15+ years of industry experience in data science or relevant academic…",
Software Engineer - Data Science,Liftoff+Vungle,"Remote in San Francisco, CA",30+ days ago,2022-04-25,"Research third party data availability and design internal data models with it in mind.
Design, build and maintain data pipelines to power the Algolift data…",
Research Data Analyst III,University of California San Francisco,"San Francisco, CA 94143 (Inner Sunset area)",21 days ago,2022-04-25,"Works with Multitudes faculty and data science team to manage, communicate, and analyze data pertaining to all aspects of a complex multi institutional project.",
Research Analyst,Mathematica Policy Research,"Oakland, CA 94612 (Downtown area)",30+ days ago,2022-04-25,"Overseeing local partners conducting quantitative and qualitative data collection (including supporting efforts to pilot and refine instruments, leading…",
Data Scientist,dYdX,"Remote in San Francisco, CA 94114",20 days ago,2022-04-25,"Apply technical expertise with data mining, quantitative analysis, and the presentation of data.
Lead proactive exploratory data analysis and distill data…",
Remote,ACS Group,"Remote in Emeryville, CA",30+ days ago,2022-04-25,"Master’s degree in data science or related field.
Associate degree and 4 years of applied data science experience in industry.
Job Type : Six-month contract.",
Associate Director - Data Science,Novartis,"Hybrid remote in Emeryville, CA 94608",30+ days ago,2022-04-25,"That’s the number of proprietary quantitative activity measurements available for data mining and modeling.
Recognized leader with a track record of providing…",
"Director, Data Science & Analytics - Growth",Roblox,"San Mateo, CA",30+ days ago,2022-04-25,"12+ years of industry experience in data science or relevant academic experience.
15+ years of industry experience in data science or relevant academic…",
Software Engineer - Data Science,Liftoff+Vungle,"Remote in San Francisco, CA",30+ days ago,2022-04-25,"Research third party data availability and design internal data models with it in mind.
Design, build and maintain data pipelines to power the Algolift data…",
Research Data Analyst III,University of California San Francisco,"San Francisco, CA 94143 (Inner Sunset area)",21 days ago,2022-04-25,"Works with Multitudes faculty and data science team to manage, communicate, and analyze data pertaining to all aspects of a complex multi institutional project.",
Research Analyst,Mathematica Policy Research,"Oakland, CA 94612 (Downtown area)",30+ days ago,2022-04-25,"Overseeing local partners conducting quantitative and qualitative data collection (including supporting efforts to pilot and refine instruments, leading…",
Sr. Data Scientist - 20247,Infinite Computing Systems,"Alameda, CA",EmployerActive 2 days ago,2022-04-25,"Analyze and manage large clinical data sets using MATLAB, Excel, SQL, JMP or similar data analysis tools.
Data analysis tools: 1 year (Required).",
Business Intelligence Analyst,"Grammarly, Inc.","Remote in San Francisco, CA 94104",30+ days ago,2022-04-25,"Provide data-driven solutions to complex product and growth questions.
Has practical experience in data analysis, statistics, and experimentation.",
"Principal Data Scientist, Personalization - Telecommute",Optum,"Remote in San Francisco, CA 94102",Just posted,2022-04-25,"Collaborate effectively with internal clients, transforming their needs into data science use cases.
Seek out new data sources and verify integrity of data that…",
Machine Learning Engineer,Oracle,"Redwood City, CA 94065 (Marine area)",10 days ago,2022-04-25,"Design, develop, troubleshoot and debug software programs for databases, applications, tools, networks etc.
Fully competent in own area of expertise.",
Staff Data Scientist,Instacart,"Remote in San Francisco, CA+1 location",30+ days ago,2022-04-25,"Good understanding of how to grow and shape data tools and datasets to improve data-driven decision making.
6+ years experience working in data-driven analytics…",
Senior Data Analyst,Doma,"Remote in San Francisco, CA 94110",30+ days ago,2022-04-25,"2+ years contributing to data analytics and/or data science projects.
Be a data detective, understand the in's and out's of our complex, industry data and apply…",
Blockchain Intelligence Analyst,TRM Labs Inc.,"Remote in San Francisco, CA",30+ days ago,2022-04-25,Participate in the automation and standardization of data collection to increase throughput and quality of raw attribution data.,
Data Scientist,Fractal.ai,"San Francisco, CA",30+ days ago,2022-04-25,"Lead and groom the data scientist pool on solving complex problems using data science.
Conduct research and prototyping innovations; data and requirements…",
Data Engineer,Glassdoor,"San Francisco, CA+1 location",21 days ago,2022-04-25,"The ideal candidate has experience in building scalable data pipelines that enable decision making, analytics, data science and data products.",
"Data Scientist, Marketing Intelligence",Snowflake,"San Mateo, CA 94401 (Downtown area)+2 locations",30+ days ago,2022-04-25,"Think creatively, proactively, and futuristically to identify new opportunities within Snowflake’s long-term roadmap for data science.",
Senior Data Analyst,Cerebral,"Remote in San Francisco, CA",30+ days ago,2022-04-25,"Collaborate with data science, engineering, and business-focused colleagues to inform data and client related decisions, automate data processes, and determine…",
Data Scientist,Abound,"Remote in San Francisco, CA",30+ days ago,2022-04-25,"Develop custom data models and algorithms to apply to data sets.
Assess the effectiveness and accuracy of new data sources and data gathering techniques.",
Data Scientist,InMarket,"Remote in San Francisco, CA",30+ days ago,2022-04-25,"Solid understanding of modern data science and machine learning theory and methods.
Programming proficiency (preferably Python, its data science stack, and SQL)…",
Product Analyst,Visa,"Foster City, CA+1 location",3 days ago,2022-04-25,"Visa’s Data Products enable our clients win more with their consumers through data and analytics.
Skill to dissect a data file, read file specs and author both…",
Lead Data Scientist,Lendtable,"San Francisco, CA",30+ days ago,2022-04-25,"4+ years of experience working in analytics or data science in product, operations, or marketing specific roles.
Expert level SQL and Excel skills.",
Sr. Data Analyst (Finance),Turo,"Remote in San Francisco, CA",19 days ago,2022-04-25,"Experience using data visualization tools (i.e., Domo, Tableau, Looker); comfortable transforming data into actionable insights.",
"Senior Data Analyst, Partner Analytics",Trove Recommerce,"Remote in Brisbane, CA+1 location",21 days ago,2022-04-25,"Experience framing business questions with data and translating business needs into actionable data deliverables - processes, analyses, reports, and datasets.",
Data Engineer (IMO),Genentech,"San Francisco, CA (Mission Bay area)+1 location",30+ days ago,2022-04-25,"Build processes supporting data transformation, data structures, metadata, dependency and workload management.
3 years+ Experience in SQL, Relational databases.",
Data Scientist,NextEra Energy,"San Francisco, CA 94108 (Financial District area)",15 days ago,2022-04-25,"Works with a variety of datasets, including timeseries data and “big data” requiring analysis on distributed computing platforms.",
Senior Data Scientist,Demandbase,"Remote in San Francisco, CA 94107",6 days ago,2022-04-25,"3+ years of data science experience.
Communicate algorithms, complex data science methods, and statistical results with technical and non-technical audiences.",
Data Analyst/Data Mining Specialist,Xcel Agency,"San Francisco, CA 94114 (Castro/Upper Market area)",30+ days ago,2022-04-25,"Experience working in a data driven digital marketing environment.
Passion for leveraging and interpreting data to drive significant business impact.",
BSA Data Science,Agama Solutions,"San Francisco, CA",30+ days ago,2022-04-25,"Experience in user research and data analysis.
Experience with data visualization and software such as Tableau and Power BI.
Experience in R and Stata.",
"Data Analyst, Finance",Faire,"Remote in San Francisco, CA",30+ days ago,2022-04-25,"Experience working with large data sets, building ETL tables, performing in-depth data analyses in SQL, and creating KPI reports and dashboards in business…",
BSA Data Science,Agama Solutions,"San Francisco, CA",30+ days ago,2022-04-25,"Experience in user research and data analysis.
Experience with data visualization and software such as Tableau and Power BI.
Experience in R and Stata.",
"Data Analyst, Finance",Faire,"Remote in San Francisco, CA",30+ days ago,2022-04-25,"Experience working with large data sets, building ETL tables, performing in-depth data analyses in SQL, and creating KPI reports and dashboards in business…",
"Software Engineer, Search (13711) - United States or Canada...",Getty Images,"Temporarily Remote in San Francisco, CA",30+ days ago,2022-04-25,"Interface with data science, machine learning engineers, software engineers, and product managers to understand data needs.",
Data Scientist,Lever Implementation Training Environment,"San Francisco, CA",30+ days ago,2022-04-25,"Automate analysis and data pipelines while ensuring our data infrastructure is set up for scale.
Experience as a data scientist or equivalent.",
"Senior Data Scientist, Analytics",Twitch,"San Francisco, CA",30+ days ago,2022-04-25,"7+ years of experience as a data scientist or data analyst in a high-velocity environment.
Experience building aggregates and optimizing data workstreams.",
Data Scientist II,Zymergen,"Emeryville, CA",30+ days ago,2022-04-25,"Training and educating stakeholders to make best use of data science products and services.
Advanced degree in a quantitative field (e.g. statistics, computer…",
Sr. Staking Analytics - Crypto,Tribal Credit,"Remote in San Francisco, CA",Just posted,2022-04-25,"Build dashboards and expand Tribal's crypto data capability.
In depth knowledge of topics including but not limited to data science, game theory, behavioral…",
"Data Science Manager, Land Area Lead",Asana,"San Francisco, CA 94103 (Mission area)",30+ days ago,2022-04-25,"5+ years of total work experience in data science or an engineering related field.
Make your own hands-on contributions to the team's data science work —…",
"DATA SCIENTIST II, Abusive Interactions - HEALTH",Twitter,"San Francisco, CA 94103 (South of Market area)",5 days ago,2022-04-25,"Experience using data visualization tools (e.g, Tableau, Zeppelin) to share ongoing insights.
The Health engineering team builds scalable detection systems that…",
"Human Factors Researcher, Fitbit Devices",Google,"San Francisco, CA",30+ days ago,2022-04-25,"Master's degree in Human-Computer Interaction (HCI), Psychology, Neuroscience, Engineering, related field, or equivalent practical experience.",
Data Engineer,Notion,"San Francisco, CA 94110 (Mission area)",30+ days ago,2022-04-25,"You are passionate about analytics use cases, data models and solving complex data problems.
You'll implement automated workflows that lower manual/operational…",
"Machine Learning Engineer, Recommendations",Tinder,"San Francisco, CA+5 locations",30+ days ago,2022-04-25,"Develop data-driven approaches to understand user profiles.
Work with big data (1.6B+ user swipes per day).
Experience in big data frameworks such as Spark and…",
"Sales Engineer, Machine Learning, Google Cloud",Google,"San Francisco, CA",30+ days ago,2022-04-25,Experience in and understanding of data and information management as it relates to big data trends and issues within businesses.,
Release Train Engineer - Machine Learning,Levi Strauss & Co.,"Remote in San Francisco, CA+3 locations",30+ days ago,2022-04-25,"Prefer t echnical background in the role of Data Engineering, Data Science or Applied sciences.
Measure team sprint success by using standard sprint metrics and…",
Product Growth Analyst,Facebook App,"San Francisco, CA+1 location",30+ days ago,2022-04-25,Experience using data querying languages (e.g. SQL) with intermediate functions such as case logic and joins to query large data sets.,
